-- phpMyAdmin SQL Dump
-- version 5.2.1
-- https://www.phpmyadmin.net/
--
-- Hôte : 127.0.0.1
-- Généré le : jeu. 26 mars 2026 à 22:24
-- Version du serveur : 10.4.32-MariaDB
-- Version de PHP : 8.2.12

SET SQL_MODE = "NO_AUTO_VALUE_ON_ZERO";
START TRANSACTION;
SET time_zone = "+00:00";


/*!40101 SET @OLD_CHARACTER_SET_CLIENT=@@CHARACTER_SET_CLIENT */;
/*!40101 SET @OLD_CHARACTER_SET_RESULTS=@@CHARACTER_SET_RESULTS */;
/*!40101 SET @OLD_COLLATION_CONNECTION=@@COLLATION_CONNECTION */;
/*!40101 SET NAMES utf8mb4 */;

--
-- Base de données : `db_sae`
--

-- --------------------------------------------------------

--
-- Structure de la table `departement`
--

CREATE TABLE `departement` (
  `code` varchar(3) NOT NULL,
  `nom` varchar(255) NOT NULL,
  `code_region` varchar(3) NOT NULL
) ENGINE=InnoDB DEFAULT CHARSET=utf8mb4 COLLATE=utf8mb4_general_ci;

--
-- Déchargement des données de la table `departement`
--

INSERT INTO `departement` (`code`, `nom`, `code_region`) VALUES
('01', 'Ain', '84'),
('02', 'Aisne', '32'),
('03', 'Allier', '84'),
('04', 'Alpes-de-Haute-Provence', '93'),
('05', 'Hautes-Alpes', '93'),
('06', 'Alpes-Maritimes', '93'),
('07', 'Ardèche', '84'),
('08', 'Ardennes', '44'),
('09', 'Ariège', '76'),
('10', 'Aube', '44'),
('11', 'Aude', '76'),
('12', 'Aveyron', '76'),
('13', 'Bouches-du-Rhône', '93'),
('14', 'Calvados', '28'),
('15', 'Cantal', '84'),
('16', 'Charente', '75'),
('17', 'Charente-Maritime', '75'),
('18', 'Cher', '24'),
('19', 'Corrèze', '75'),
('21', 'Côte-d\'Or', '27'),
('22', 'Côtes-d\'Armor', '53'),
('23', 'Creuse', '75'),
('24', 'Dordogne', '75'),
('25', 'Doubs', '27'),
('26', 'Drôme', '84'),
('27', 'Eure', '28'),
('28', 'Eure-et-Loir', '24'),
('29', 'Finistère', '53'),
('2A', 'Corse-du-Sud', '94'),
('2B', 'Haute-Corse', '94'),
('30', 'Gard', '76'),
('31', 'Haute-Garonne', '76'),
('32', 'Gers', '76'),
('33', 'Gironde', '75'),
('34', 'Hérault', '76'),
('35', 'Ille-et-Vilaine', '53'),
('36', 'Indre', '24'),
('37', 'Indre-et-Loire', '24'),
('38', 'Isère', '84'),
('39', 'Jura', '27'),
('40', 'Landes', '75'),
('41', 'Loir-et-Cher', '24'),
('42', 'Loire', '84'),
('43', 'Haute-Loire', '84'),
('44', 'Loire-Atlantique', '52'),
('45', 'Loiret', '24'),
('46', 'Lot', '76'),
('47', 'Lot-et-Garonne', '75'),
('48', 'Lozère', '76'),
('49', 'Maine-et-Loire', '52'),
('50', 'Manche', '28'),
('51', 'Marne', '44'),
('52', 'Haute-Marne', '44'),
('53', 'Mayenne', '52'),
('54', 'Meurthe-et-Moselle', '44'),
('55', 'Meuse', '44'),
('56', 'Morbihan', '53'),
('57', 'Moselle', '44'),
('58', 'Nièvre', '27'),
('59', 'Nord', '32'),
('60', 'Oise', '32'),
('61', 'Orne', '28'),
('62', 'Pas-de-Calais', '32'),
('63', 'Puy-de-Dôme', '84'),
('64', 'Pyrénées-Atlantiques', '75'),
('65', 'Hautes-Pyrénées', '76'),
('66', 'Pyrénées-Orientales', '76'),
('67', 'Bas-Rhin', '44'),
('68', 'Haut-Rhin', '44'),
('69', 'Rhône', '84'),
('70', 'Haute-Saône', '27'),
('71', 'Saône-et-Loire', '27'),
('72', 'Sarthe', '52'),
('73', 'Savoie', '84'),
('74', 'Haute-Savoie', '84'),
('75', 'Paris', '11'),
('76', 'Seine-Maritime', '28'),
('77', 'Seine-et-Marne', '11'),
('78', 'Yvelines', '11'),
('79', 'Deux-Sèvres', '75'),
('80', 'Somme', '32'),
('81', 'Tarn', '76'),
('82', 'Tarn-et-Garonne', '76'),
('83', 'Var', '93'),
('84', 'Vaucluse', '93'),
('85', 'Vendée', '52'),
('86', 'Vienne', '75'),
('87', 'Haute-Vienne', '75'),
('88', 'Vosges', '44'),
('89', 'Yonne', '27'),
('90', 'Territoire de Belfort', '27'),
('91', 'Essonne', '11'),
('92', 'Hauts-de-Seine', '11'),
('93', 'Seine-Saint-Denis', '11'),
('94', 'Val-de-Marne', '11'),
('95', 'Val-d\'Oise', '11'),
('971', 'Guadeloupe', '1'),
('972', 'Martinique', '2'),
('973', 'Guyane', '3'),
('974', 'La Réunion', '4');

-- --------------------------------------------------------

--
-- Structure de la table `doctrine_migration_versions`
--

CREATE TABLE `doctrine_migration_versions` (
  `version` varchar(191) NOT NULL,
  `executed_at` datetime DEFAULT NULL,
  `execution_time` int(11) DEFAULT NULL
) ENGINE=InnoDB DEFAULT CHARSET=utf8mb4 COLLATE=utf8mb4_general_ci;

--
-- Déchargement des données de la table `doctrine_migration_versions`
--

INSERT INTO `doctrine_migration_versions` (`version`, `executed_at`, `execution_time`) VALUES
('DoctrineMigrations\\Version20260321133944', '2026-03-21 14:40:01', 181);

-- --------------------------------------------------------

--
-- Structure de la table `messenger_messages`
--

CREATE TABLE `messenger_messages` (
  `id` bigint(20) NOT NULL,
  `body` longtext NOT NULL,
  `headers` longtext NOT NULL,
  `queue_name` varchar(190) NOT NULL,
  `created_at` datetime NOT NULL,
  `available_at` datetime NOT NULL,
  `delivered_at` datetime DEFAULT NULL
) ENGINE=InnoDB DEFAULT CHARSET=utf8mb4 COLLATE=utf8mb4_general_ci;

-- --------------------------------------------------------

--
-- Structure de la table `region`
--

CREATE TABLE `region` (
  `code` varchar(3) NOT NULL,
  `nom` varchar(255) NOT NULL
) ENGINE=InnoDB DEFAULT CHARSET=utf8mb4 COLLATE=utf8mb4_general_ci;

--
-- Déchargement des données de la table `region`
--

INSERT INTO `region` (`code`, `nom`) VALUES
('1', 'GUADELOUPE'),
('11', 'ÎLE-DE-FRANCE'),
('2', 'MARTINIQUE'),
('24', 'CENTRE-VAL DE LOIRE'),
('27', 'BOURGOGNE-FRANCHE-COMTÉ'),
('28', 'NORMANDIE'),
('3', 'GUYANE'),
('32', 'HAUTS-DE-FRANCE'),
('4', 'LA RÉUNION'),
('44', 'GRAND EST'),
('52', 'PAYS DE LA LOIRE'),
('53', 'BRETAGNE'),
('75', 'NOUVELLE-AQUITAINE'),
('76', 'OCCITANIE'),
('84', 'AUVERGNE-RHÔNE-ALPES'),
('93', 'PROVENCE-ALPES-CÔTE D\'AZUR'),
('94', 'CORSE');

-- --------------------------------------------------------

--
-- Structure de la table `statistique_logement`
--

CREATE TABLE `statistique_logement` (
  `id` int(11) NOT NULL,
  `annee_publication` int(11) DEFAULT NULL,
  `taux_de_chomage` double DEFAULT NULL,
  `taux_de_pauvrete` double DEFAULT NULL,
  `nombre_logement` int(11) DEFAULT NULL,
  `nombre_habitant` int(11) DEFAULT NULL,
  `departement_code` varchar(3) DEFAULT NULL
) ENGINE=InnoDB DEFAULT CHARSET=utf8mb4 COLLATE=utf8mb4_general_ci;

--
-- Déchargement des données de la table `statistique_logement`
--

INSERT INTO `statistique_logement` (`id`, `annee_publication`, `taux_de_chomage`, `taux_de_pauvrete`, `nombre_logement`, `nombre_habitant`, `departement_code`) VALUES
(1, 2023, 6.7, 13.9, 138751, 140230, '05'),
(2, 2022, 9.1, 17.9, 1044973, 2056455, '13'),
(3, 2021, 19.4, NULL, 229421, 379707, '971'),
(4, 2023, 6.4, 15, 164988, 276600, '61'),
(5, 2023, 6.6, 11.8, 218433, 430512, '28'),
(6, 2023, 7, 14.6, 138959, 217378, '36'),
(7, 2022, 8, 13.3, 740546, 1434439, '31'),
(8, 2022, 10.5, 20, 265167, 378068, '11'),
(9, 2022, 6.8, 12.1, 371643, 600924, '22'),
(10, 2021, 7.3, 14.2, 926575, 1882578, '69'),
(11, 2021, 5.8, 12, 298631, 492896, '50'),
(12, 2023, 4.1, 13.2, 102234, 144123, '15'),
(13, 2023, 6.6, 11.7, 634163, 1436079, '77'),
(14, 2023, 10.3, 18, 267555, 526983, '02'),
(15, 2022, 9.1, 16.6, 129690, 165171, '04'),
(16, 2022, 7.2, 13.2, 348977, 684609, '45'),
(17, 2021, 6.9, 13, 325171, 608781, '37'),
(18, 2023, 7.2, 16.2, 783398, 1102251, '06'),
(19, 2022, 7.8, 15.3, 523268, 1045213, '57'),
(20, 2023, 7.7, 14.4, 279948, 519421, '26'),
(21, 2023, 7.1, 15, 403254, 769112, '42'),
(22, 2023, 11.7, 20.7, 359151, 485651, '66'),
(23, 2022, 7.3, 20.1, 133540, 185528, '2B'),
(24, 2022, 5.9, 10.5, 321432, 660875, '01'),
(25, 2022, 5.9, 14, 182769, 279997, '12'),
(26, 2022, 6.8, 12.4, 328095, 612237, '37'),
(27, 2022, 6.5, 10.3, 352254, 439852, '73'),
(28, 2021, 17.4, 38.9, 376047, 856858, '974'),
(29, 2023, 5.4, 10.7, 546440, 1099074, '35'),
(30, 2023, 6.3, 12.4, 330454, 614119, '37'),
(31, 2023, 6.3, 15.3, 221779, 371487, '87'),
(32, 2023, 7.3, 14.2, 100007, 181165, '55'),
(33, 2022, 8.2, 15.3, 729223, 1090123, '83'),
(34, 2022, 6.7, 9.7, 649383, 1457875, '78'),
(35, 2022, 8, 15.3, 214423, 392053, '81'),
(36, 2022, 10.9, 27.6, 687238, 1668164, '93'),
(37, 2022, 14.5, NULL, 94768, 290528, '973'),
(38, 2022, 6.5, 10, 764010, 1461267, '44'),
(39, 2021, 7.5, 15, 198241, 349878, '16'),
(40, 2023, 6.8, 13.2, 386082, 767636, '68'),
(41, 2023, 6.2, 14.1, 949531, 1895426, '69'),
(42, 2023, 6.3, 11.9, 426069, 698670, '14'),
(43, 2022, 4.9, 14.9, 61547, 76604, '48'),
(44, 2022, 7.4, 14.6, 138826, 216392, '36'),
(45, 2022, 6.8, 13.2, 392038, 669014, '63'),
(46, 2022, 9.5, 18.3, 142983, 267127, '08'),
(47, 2022, 7.9, 12.4, 440935, 656951, '17'),
(48, 2021, 10, 16.2, 165501, 310161, '10'),
(49, 2021, 7.9, 16.3, 260245, 411528, '24'),
(50, 2021, 6.9, 14.5, 197683, 334626, '89'),
(51, 2021, 8.2, 13.3, 728248, 1409629, '31'),
(52, 2021, 7.5, 13.9, 136581, 140349, '05'),
(53, 2022, 5.8, 11.5, 292479, 534164, '21'),
(54, 2022, 6.5, 9.4, 525404, 841639, '74'),
(55, 2021, 7.2, 15.5, 220762, 371228, '87'),
(56, 2021, 4.7, 14.5, 61340, 76573, '48'),
(57, 2022, 7.4, 14.2, 297288, 563998, '51'),
(58, 2022, 6.9, 13.2, 570417, 1310435, '91'),
(59, 2021, 5.6, 12.3, 195050, 374608, '79'),
(60, 2021, 11.1, 28.4, 679663, 1657893, '93'),
(61, 2023, 6.4, 12.8, 312880, 549467, '71'),
(62, 2022, 9.8, 18.4, 1232504, 2607879, '59'),
(63, 2022, 6.4, 15.4, 1389375, 2147716, '75'),
(64, 2022, 9.1, 16.3, 133522, 262863, '82'),
(65, 2021, 9, 16.8, 129062, 165232, '04'),
(66, 2021, 14.9, 29.8, 213707, 359821, '972'),
(67, 2021, 6, 11.2, 290523, 532576, '21'),
(68, 2021, 8.8, 14.9, 645785, 1252833, '76'),
(69, 2021, 6.4, 13.1, 154656, 239470, '19'),
(70, 2021, 6.1, 14.9, 111171, 191322, '32'),
(71, 2021, 8, 15.6, 212905, 389012, '81'),
(72, 2021, 6.3, 10.5, 554254, 1085753, '35'),
(73, 2023, 7, 15.3, 527832, 1049612, '57'),
(74, 2023, 5.6, 15.4, 1393800, 2131104, '75'),
(75, 2023, 5.1, 11.4, 301071, 494474, '50'),
(76, 2022, 4.3, 13.2, 101953, 143790, '15'),
(77, 2022, 7.3, 11.7, 626435, 1436063, '77'),
(78, 2022, 11.1, 18, 266922, 526857, '02'),
(79, 2021, 6.8, 13.2, 128333, 234567, '70'),
(80, 2023, 9.5, 19.5, 311098, 562700, '84'),
(81, 2023, 6.9, 13.2, 351028, 683940, '45'),
(82, 2023, 5.8, 16.3, 123650, 161872, '2A'),
(83, 2023, 5.1, 11.9, 196421, 374428, '79'),
(84, 2022, 9, 14.8, 73180, 138931, '90'),
(85, 2022, 6.5, 15, 100382, 168391, '52'),
(86, 2021, 7.2, 11.4, 397886, 818345, '49'),
(87, 2021, 10.4, 20.7, 263889, 376059, '11'),
(88, 2021, 6.7, 13.1, 311498, 549364, '71'),
(89, 2023, 8.1, 16.6, 130500, 165830, '04'),
(90, 2023, 5.2, 10.3, 355575, 441899, '73'),
(91, 2022, 6.1, 15, 111536, 191910, '32'),
(92, 2022, 9, 17.8, 720800, 1460003, '62'),
(93, 2022, 6.4, 13.1, 155041, 239019, '19'),
(94, 2022, 7.7, 12.9, 293561, 565314, '72'),
(95, 2021, 6.7, 9.7, 643946, 1449520, '78'),
(96, 2021, 8.8, 15.4, 162729, 229205, '65'),
(97, 2021, 7.5, 14.5, 138879, 218129, '36'),
(98, 2023, 5.9, 13.1, 155575, 238576, '19'),
(99, 2023, 6.7, 14.6, 199746, 351576, '16'),
(100, 2023, 6.1, 13.2, 575001, 1154712, '67'),
(101, 2023, 10.9, NULL, 88986, 290714, '973'),
(102, 2022, 9.1, 15.7, 303449, 567745, '80'),
(103, 2022, 8.2, 14.9, 214287, 360241, '88'),
(104, 2022, 7.8, 13.9, 137644, 141039, '05'),
(105, 2022, 7, 11.1, 400508, 822488, '49'),
(106, 2021, 7.8, 15, 399133, 765546, '42'),
(107, 2021, 7.2, 12, 216684, 429641, '28'),
(108, 2021, 7.5, 12.6, 872327, 1636085, '33'),
(109, 2023, 5.6, 12.2, 417293, 690920, '64'),
(110, 2021, 17.8, NULL, 91566, 288086, '973'),
(111, 2023, 7.7, 15.3, 215987, 392328, '81'),
(112, 2021, 7.3, 14.5, 99893, 181387, '55'),
(113, 2021, 7.6, 11.8, 259512, 414728, '40'),
(114, 2023, 6.1, 11, 542677, 920279, '29'),
(115, 2023, 6.7, 14.3, 197870, 332620, '89'),
(116, 2023, 6.3, 9.7, 654741, 1452852, '78'),
(117, 2023, 8.1, 17.8, 724156, 1459338, '62'),
(118, 2023, 7.4, 15.3, 209251, 334381, '03'),
(119, 2022, 5.8, 10.7, 561343, 1098420, '35'),
(120, 2022, 7.2, 12.4, 886986, 1661929, '33'),
(121, 2022, 5.6, 11.9, 195568, 374763, '79'),
(122, 2022, 7, 15.3, 221194, 370651, '87'),
(123, 2021, 6.7, 14.9, 100617, 170339, '52'),
(124, 2021, 6.6, 12.3, 409790, 685441, '64'),
(125, 2021, 7.7, 14.3, 179125, 299153, '18'),
(126, 2021, 6.8, 15.2, 1386846, 2154092, '75'),
(127, 2023, 5.4, 10.5, 325431, 662032, '01'),
(128, 2023, 8.6, 16.3, 134694, 263504, '82'),
(129, 2022, 8.5, 14.4, 277777, 521894, '26'),
(130, 2022, 6.3, 12.5, 185077, 326778, '41'),
(131, 2022, 5.9, 8.9, 430815, 694684, '85'),
(132, 2022, 7.8, 14, 179430, 298669, '18'),
(133, 2021, 11, 19.7, 729652, 1184031, '34'),
(134, 2023, 4.9, 11, 158874, 306043, '53'),
(135, 2022, 7.3, 12.2, 283778, 546224, '25'),
(136, 2022, 8.6, 14.6, 649681, 1254203, '76'),
(137, 2021, 6.6, 10, 349226, 436834, '73'),
(138, 2021, 8.4, 15.5, 208375, 333847, '03'),
(139, 2021, 6.3, 14.3, 241950, 438390, '86'),
(140, 2021, 6.2, 12.6, 184614, 327835, '41'),
(141, 2021, 7.8, 16.6, 640016, 1411786, '94'),
(142, 2021, 8, 12.5, 297286, 596993, '27'),
(143, 2021, 8.9, 17.2, 510302, 1253568, '95'),
(144, 2023, 6.7, 15.5, 141219, 201017, '58'),
(145, 2023, 10.2, 26.7, 212577, 357191, '972'),
(146, 2022, 7.2, 15, 165100, 275624, '61'),
(147, 2022, 6.4, 12.2, 413357, 688474, '64'),
(148, 2022, 7.7, 16.1, 261104, 412163, '24'),
(149, 2022, 7.5, 14.2, 99834, 180059, '55'),
(150, 2021, 6.6, 8.9, 517217, 831867, '74'),
(151, 2021, 4.5, 13, 101693, 143821, '15'),
(152, 2023, 6.3, 13, 128855, 233493, '70'),
(153, 2023, 7.7, 15.5, 164545, 230143, '65'),
(154, 2023, 6.4, 15, 100520, 170280, '52'),
(155, 2023, 7.4, 14.9, 214812, 359915, '88'),
(156, 2023, 19.3, NULL, 227525, 381606, '971'),
(157, 2023, 6.4, 20.1, 135125, 184485, '2B'),
(158, 2022, 7.9, 12.8, 378048, 831944, '60'),
(159, 2022, 6.6, 12.8, 311966, 547937, '71'),
(160, 2021, 8.2, 15.6, 722127, 1079043, '83'),
(161, 2021, 7.3, 15.4, 165463, 277400, '61'),
(162, 2021, 8.4, 14.4, 204906, 327740, '07'),
(163, 2021, 7.3, 11.8, 619783, 1426334, '77'),
(164, 2023, 5.1, 8.9, 435953, 698570, '85'),
(165, 2023, 7.4, 14, 179389, 299546, '18'),
(166, 2023, 10, 27.6, 696152, 1664856, '93'),
(167, 2022, 7.1, 11.9, 422082, 695207, '14'),
(168, 2022, 7.8, 12.3, 298148, 595697, '27'),
(169, 2022, 6.5, 16.3, 122005, 161082, '2A'),
(170, 2022, 7.5, 14.6, 379680, 732085, '54'),
(171, 2022, 8.6, 14.3, 206435, 329841, '07'),
(172, 2022, 6.1, 11.9, 143916, 227229, '43'),
(173, 2021, 10.6, 19.8, 428087, 749136, '30'),
(174, 2021, 9.1, 16.4, 301740, 568750, '80'),
(175, 2023, 6.8, 14.6, 381849, 731390, '54'),
(176, 2023, 5.5, 11.9, 144442, 227111, '43'),
(177, 2023, 7.9, 17, 523106, 1258517, '95'),
(178, 2023, 5.3, 9.4, 533337, 843675, '74'),
(179, 2022, 8.6, 16.2, 778291, 1101039, '06'),
(180, 2021, 6.6, 11.3, 653289, 1269323, '38'),
(181, 2022, 6.8, 13, 128450, 233489, '70'),
(182, 2021, 6, 14, 182027, 279334, '12'),
(183, 2021, 8, 12.9, 380237, 765130, '68'),
(184, 2021, 12.2, 21, 352741, 478983, '66'),
(185, 2023, 6.4, 12.4, 900198, 1655325, '33'),
(186, 2022, 6.5, 15.5, 141411, 201110, '58'),
(187, 2023, 5.8, 11.9, 815765, 1631170, '92'),
(188, 2023, 8.6, 17.9, 1055315, 2055002, '13'),
(189, 2023, 9.3, 17.9, 110875, 154222, '09'),
(190, 2023, 17.1, 35.6, 369895, 866669, '974'),
(191, 2022, 6.5, 11.3, 659031, 1280557, '38'),
(192, 2022, 7.1, 18.3, 88646, 114609, '23'),
(193, 2021, 7.7, 15.3, 518771, 1041009, '57'),
(194, 2023, 9.9, 20, 266877, 376885, '11'),
(195, 2023, 8.6, 15.7, 305380, 566872, '80'),
(196, 2022, 8.8, 15.5, 163634, 230579, '65'),
(197, 2022, 7.1, 14.3, 197718, 332048, '89'),
(198, 2022, 18, 35.6, 383878, 866181, '974'),
(199, 2021, 9.5, 18.9, 143015, 267496, '08'),
(200, 2021, 9, 19.3, 717901, 1459364, '62'),
(201, 2021, 7, 13.1, 564587, 1309566, '91'),
(202, 2021, 10.1, 20, 305436, 560425, '84'),
(203, 2021, 6.6, 11.2, 468872, 760313, '56'),
(204, 2021, 7.6, 14.4, 295610, 563834, '51'),
(205, 2021, 7.2, 12.4, 419713, 693310, '14'),
(206, 2021, 7.9, 17, 186511, 330756, '47'),
(207, 2023, 6.3, 12.2, 285770, 546630, '25'),
(208, 2023, 7, 14.2, 299421, 565685, '51'),
(209, 2023, 6.8, 12.9, 294778, 567068, '72'),
(210, 2023, 6.7, 12.3, 299419, 598404, '27'),
(211, 2023, 5.6, 11.5, 464186, 768617, '56'),
(212, 2022, 6.7, 13.2, 567991, 1150899, '67'),
(213, 2022, 7.6, 11.4, 262370, 419507, '40'),
(214, 2022, 6.5, 11.5, 472749, 767088, '56'),
(215, 2022, 10.1, 19.5, 308505, 562533, '84'),
(216, 2021, 6.6, 16.1, 120566, 161208, '2A'),
(217, 2023, 9.8, 19.4, 435785, 753509, '30'),
(218, 2023, 7.2, 13.3, 754396, 1434268, '31'),
(219, 2023, 6.2, 13.2, 394760, 664189, '63'),
(220, 2022, 10.9, 18.7, 739737, 1203899, '34'),
(221, 2023, 6.2, 12.1, 366683, 605211, '22'),
(222, 2023, 5.6, 11.5, 294776, 535275, '21'),
(223, 2023, 7.1, 16.1, 262321, 412686, '24'),
(224, 2022, 5.2, 11, 158083, 306224, '53'),
(225, 2022, 12.9, 26.7, 214788, 356029, '972'),
(226, 2021, 8.6, 14.5, 72929, 139866, '90'),
(227, 2021, 7.2, 12.1, 282055, 542997, '25'),
(228, 2021, 8, 12.8, 436869, 650757, '17'),
(229, 2021, 8, 12.9, 376184, 829408, '60'),
(230, 2021, 6.8, 13.2, 389711, 666274, '63'),
(231, 2023, 6.8, 11.4, 265930, 421672, '40'),
(232, 2023, 7, 16.6, 654340, 1413781, '94'),
(233, 2023, 0, 15, 112134, 192159, '32'),
(234, 2022, 8.8, 17, 517063, 1267124, '95'),
(235, 2021, 8.5, 14.8, 275726, 520531, '26'),
(236, 2021, 6.2, 9.2, 426425, 687477, '85'),
(237, 2021, 7.2, 13.2, 347107, 682187, '45'),
(238, 2023, 9.2, 18.4, 1241241, 2607335, '59'),
(239, 2022, 7, 11.8, 217440, 429083, '28'),
(240, 2022, 7.8, 13.2, 382805, 767736, '68'),
(241, 2022, 7.8, 14.9, 119499, 174282, '46'),
(242, 2022, 5.3, 11.2, 150475, 257906, '39'),
(243, 2021, 9.2, 18.7, 1034043, 2044355, '13'),
(244, 2021, 6.7, 10.3, 752968, 1442940, '44'),
(245, 2021, 9.9, 18, 110222, 153113, '09'),
(246, 2022, 7.5, 14.6, 198920, 350888, '16'),
(247, 2021, 7.5, 15.4, 378055, 731533, '54'),
(248, 2021, 7, 18.7, 88727, 115555, '23'),
(249, 2023, 6.8, 18.3, 88769, 115050, '23'),
(250, 2023, 5.8, 14, 243821, 440161, '86'),
(251, 2023, 7.3, 14.9, 120123, 174907, '46'),
(252, 2023, 5.6, 14, 183702, 279571, '12'),
(253, 2023, 9.9, 18.7, 750002, 1203908, '34'),
(254, 2022, 8.3, 15.3, 208863, 333042, '03'),
(255, 2021, 6.2, 15.7, 141622, 201755, '58'),
(256, 2021, 11, 18.4, 266640, 528471, '02'),
(257, 2021, 7.7, 13.1, 292627, 563536, '72'),
(258, 2021, 9.2, 17, 132602, 261307, '82'),
(259, 2023, 5.5, 10, 776207, 1462506, '44'),
(260, 2023, 9.4, 16.2, 166928, 311831, '10'),
(261, 2023, 4.6, 14.9, 61734, 76593, '48'),
(262, 2023, 5.2, 11.2, 151009, 257991, '39'),
(263, 2023, 8.1, 14.8, 73384, 138976, '90'),
(264, 2023, 7.2, 12.8, 380003, 830560, '60'),
(265, 2022, 12.3, 20.7, 355661, 483558, '66'),
(266, 2021, 6.6, 10.6, 545808, 913187, '29'),
(267, 2023, 5.7, 11.3, 665362, 1282526, '38'),
(268, 2022, 7.6, 15, 401112, 766473, '42'),
(269, 2022, 10, 16.2, 166101, 310804, '10'),
(270, 2022, 7.7, 16.6, 647289, 1425072, '94'),
(271, 2022, 6.6, 11, 549039, 919983, '29'),
(272, 2022, 10.6, 19.4, 431684, 751840, '30'),
(273, 2021, 7.8, 15, 118998, 174146, '46'),
(274, 2021, 6.8, 11.7, 369601, 599271, '22'),
(275, 2021, 9.8, 19.1, 1224589, 2601802, '59'),
(276, 2023, 5.9, 12.5, 185591, 328271, '41'),
(277, 2021, 7.3, 20.6, 132077, 184659, '2B'),
(278, 2021, 6.8, 11.9, 801736, 1628798, '92'),
(279, 2021, 8.9, 15.8, 772316, 1088178, '06'),
(280, 2021, 6, 10.3, 317983, 657907, '01'),
(281, 2021, 5.4, 11.8, 150169, 258766, '39'),
(282, 2021, 5.3, 11.5, 157551, 306123, '53'),
(283, 2023, 6.3, 11.1, 403157, 823052, '49'),
(284, 2023, 7.3, 16.8, 188120, 329989, '47'),
(285, 2023, 6.7, 12.4, 445578, 659379, '17'),
(286, 2022, 6.3, 14, 242907, 439635, '86'),
(287, 2022, 17.2, NULL, 231840, 377856, '971'),
(288, 2023, 9.2, 18.3, 143402, 268216, '08'),
(289, 2023, 6.3, 13.2, 577712, 1308892, '91'),
(290, 2023, 7.2, 15.3, 735547, 1094127, '83'),
(291, 2023, 7.9, 14.3, 207922, 330012, '07'),
(292, 2023, 7.5, 14.6, 653680, 1254334, '76'),
(293, 2022, 7.9, 16.8, 187058, 329848, '47'),
(294, 2022, 7.1, 14.1, 937544, 1899599, '69'),
(295, 2021, 6.1, 12.1, 143699, 227878, '43'),
(296, 2022, 9.8, 17.9, 110526, 153197, '09'),
(297, 2022, 5.6, 11.4, 299656, 492667, '50'),
(298, 2021, 8.2, 15.4, 214363, 361749, '88'),
(299, 2021, 6.9, 13.7, 561561, 1143364, '67'),
(300, 2022, 6.6, 11.9, 807711, 1636156, '92');

--
-- Index pour les tables déchargées
--

--
-- Index pour la table `departement`
--
ALTER TABLE `departement`
  ADD PRIMARY KEY (`code`),
  ADD KEY `IDX_C1765B6370E4A9D4` (`code_region`);

--
-- Index pour la table `doctrine_migration_versions`
--
ALTER TABLE `doctrine_migration_versions`
  ADD PRIMARY KEY (`version`);

--
-- Index pour la table `messenger_messages`
--
ALTER TABLE `messenger_messages`
  ADD PRIMARY KEY (`id`),
  ADD KEY `IDX_75EA56E0FB7336F0E3BD61CE16BA31DBBF396750` (`queue_name`,`available_at`,`delivered_at`,`id`);

--
-- Index pour la table `region`
--
ALTER TABLE `region`
  ADD PRIMARY KEY (`code`);

--
-- Index pour la table `statistique_logement`
--
ALTER TABLE `statistique_logement`
  ADD PRIMARY KEY (`id`),
  ADD KEY `IDX_57E380456A333750` (`departement_code`);

--
-- AUTO_INCREMENT pour les tables déchargées
--

--
-- AUTO_INCREMENT pour la table `messenger_messages`
--
ALTER TABLE `messenger_messages`
  MODIFY `id` bigint(20) NOT NULL AUTO_INCREMENT;

--
-- AUTO_INCREMENT pour la table `statistique_logement`
--
ALTER TABLE `statistique_logement`
  MODIFY `id` int(11) NOT NULL AUTO_INCREMENT, AUTO_INCREMENT=301;

--
-- Contraintes pour les tables déchargées
--

--
-- Contraintes pour la table `departement`
--
ALTER TABLE `departement`
  ADD CONSTRAINT `FK_C1765B6370E4A9D4` FOREIGN KEY (`code_region`) REFERENCES `region` (`code`);

--
-- Contraintes pour la table `statistique_logement`
--
ALTER TABLE `statistique_logement`
  ADD CONSTRAINT `FK_57E380456A333750` FOREIGN KEY (`departement_code`) REFERENCES `departement` (`code`);
COMMIT;

/*!40101 SET CHARACTER_SET_CLIENT=@OLD_CHARACTER_SET_CLIENT */;
/*!40101 SET CHARACTER_SET_RESULTS=@OLD_CHARACTER_SET_RESULTS */;
/*!40101 SET COLLATION_CONNECTION=@OLD_COLLATION_CONNECTION */;
